<?xml version="1.0" encoding="UTF-8"?>
<beans xmlns="http://www.springframework.org/schema/beans"
       xmlns:xsi="http://www.w3.org/2001/XMLSchema-instance"
       xmlns:context = "http://www.springframework.org/schema/context"
       xsi:schemaLocation="http://www.springframework.org/schema/beans
       http://www.springframework.org/schema/beans/spring-beans.xsd
       http://www.springframework.org/schema/context
       http://www.springframework.org/schema/context/spring-context.xsd">

    <context:annotation-config/>
    <context:component-scan base-package="com.sample.dependencyinjection"/>



    <!--
        <bean id="contactDetails" class="com.sample.dependencyinjection.ContactDetails">
            <property name="email" value="test@gmail.com"></property>
            <property name="phone" value="1234567890"></property>
        </bean>
    -->


    <bean id="pAddress" class="com.sample.dependencyinjection.PermanentAddress">
        <property name="pCity" value="Zurich"></property>
        <property name="pState" value="swtch"></property>
    </bean>

    <bean id="tempAddress" class="com.sample.dependencyinjection.TemporaryAddress">
        <property name="area" value="Chennai"/>
        <property name="city" value="XYZCity"/>
        <property name="state" value="CA"/>
        <property name="vals">
            <list>
                <value>Test1</value>
                <value>Test2</value>
                <value>Test3</value>
            </list>
        </property>
    </bean>

</beans>